timestamp,vibration_sensor,temperature_sensor,pressure_sensor,rpm_sensor,bearing_wear_sensor,health_status,actual_remaining_life
0,0.5675707124670896,45.26351258505316,99.95225058966692,1467.021734060732,1.3477013706338759,Healthy,136398.86200003597
1,0.6655658845031277,43.60328684771788,100.7276005884449,1524.7555138007028,1.5715412515571334,Healthy,135041.88291494176
2,0.49537632491790556,44.176752453382,100.68764761125446,1518.66369377846,1.6074600479987295,Healthy,132214.61085131226
3,0.5327583223865054,44.17852683620548,100.88687603380203,1469.888910421232,1.5762857709712106,Healthy,134082.95199600307
4,0.5008675620309906,48.90847953486701,101.71780490099906,1510.682125668194,1.4393359636137304,Healthy,137971.42799934966
5,0.419051921096252,45.640118926424485,98.3905541583299,1463.8207485456123,1.4315493274633646,Healthy,134729.21618047092
6,0.504891513690292,44.55336531248085,104.8560339660563,1426.7761577706717,1.4463310798021969,Healthy,134749.6750473561
7,0.4454882362380699,44.44901336242604,100.55696451880799,1511.993018242924,1.6305389777913286,Healthy,134627.29857943975
8,0.6845713286692758,45.55777412215512,107.78023716942018,1462.2408504483717,1.518157469160711,Healthy,131319.6556302436
9,0.41169066009332805,48.816490852977374,101.89886125420743,1543.949705562394,1.2978629722376245,Healthy,133486.66181641456
10,0.4183305566909427,46.81674163787249,100.32980494597288,1493.6912847089113,1.5236072602248143,Healthy,134195.73791348722
11,0.5164265347330537,43.63168015745718,103.34621819119016,1404.4980261304602,1.6051109991233752,Healthy,134078.53335628367
12,0.5950140831568385,43.18396246065377,100.83446025466,1568.4869793476646,1.5718511717084864,Healthy,134238.4989130057
13,0.5785336607567245,43.92834830434488,102.48023393844011,1461.0217287477526,1.6710361727794827,Healthy,140000.0
14,0.3920494968541268,47.60928031020975,104.27185889087887,1573.6688952683598,1.5714425622321753,Healthy,134280.66253027262
15,0.4061899069316773,45.62800709335862,105.78764354509825,1463.666579362065,1.5114286259607865,Healthy,136258.06156533165
16,0.554234903268916,47.99141985332586,102.95894010370793,1502.8626942050641,1.1913575202129327,Healthy,134274.16618300742
17,0.6078025981978483,45.37410462684155,103.19916611124974,1452.5260263225223,1.0686862983781915,Healthy,134682.26876031706
18,0.5639507686161584,46.02687863663842,101.64524094490909,1441.5944147055554,1.7624034866777143,Healthy,133160.69714541794
19,0.33586326718190485,45.27865672663765,102.51721467770975,1487.4190165786642,1.697663797071207,Healthy,132034.18621775828
20,0.5395029423029573,45.348142091287244,99.76476061935948,1489.3135503402684,1.8529593203204675,Healthy,138371.99040119213
21,0.549915896217098,42.748194628864404,101.78064541943482,1529.7068967569878,1.6384039443452258,Healthy,138957.0478021342
22,0.5030721849365388,45.344802352215936,101.0103939198233,1518.2303284438017,1.4974849121385263,Healthy,133478.22143370763
23,0.5941249025769335,44.18775340925001,101.92090464146231,1487.8014067926447,1.254877826794637,Healthy,136221.4704838909
24,0.4605287613774324,44.17902839053893,105.01405745521726,1487.213518825478,1.4364203685846875,Healthy,138644.6568835825
25,0.3713296585996487,46.32054060827419,102.85945956285917,1497.8405487609648,1.3172537034550846,Healthy,139086.2301003947
26,0.5398622980269262,44.77002777864272,102.53336871903683,1509.5058718864595,1.6073561905324554,Healthy,134130.47851010048
27,0.44522754139787724,47.34041258630003,96.54068393111604,1587.279665182403,1.6331105981419223,Healthy,138104.84135049593
28,0.4727307213095864,45.557068677901206,103.65470782718893,1525.9386215748482,1.4239153859979186,Healthy,136675.8591953616
29,0.5033565754686699,47.2276164822094,102.10887984474965,1450.4566135415416,1.3507864910076275,Healthy,133731.54350675378
30,0.37754749546519467,43.01184849111408,101.59103463540937,1462.0645260649308,1.344859141366175,Healthy,134955.98429963877
31,0.3714115803009497,45.737420040016865,100.50811444478647,1500.0692364357644,1.5727229334966748,Healthy,137157.3079094367
32,0.4577452188704878,44.32548389486792,103.4998729735444,1576.0441470327494,1.5264185535401082,Healthy,134888.5083073505
33,0.6961235515034825,46.63626185707449,103.09439664619285,1465.5159397984517,1.5758277051181457,Healthy,134013.27065525635
34,0.5144342765428151,43.85766938920118,101.35289164392627,1473.7690443496624,1.5832488951068446,Healthy,138090.68699086842
35,0.6597801657213445,47.68092146191229,100.55650352657155,1491.806834505295,1.2093965576465013,Healthy,137172.62163536513
36,0.6008977197052096,45.60851339441432,100.20446603164699,1496.088104888037,1.566666697438393,Healthy,136427.64387140528
37,0.49341370864039524,49.355382405593,100.4622306032501,1563.225606582526,1.6821773628926862,Healthy,133783.56892347938
38,0.4881172205174359,44.19156709534957,99.15488982200809,1454.8946141037532,1.361821494471363,Healthy,135201.23657571882
39,0.5804596349682388,45.3707884742583,102.88115997609893,1548.8546263742935,1.6078378545016212,Healthy,137659.11513072997
40,0.5832645552774259,44.8212213797904,103.0533052755063,1405.0245955163548,1.679020941308134,Healthy,134417.6952713412
41,0.4851561064491018,45.71348713421554,104.70955351471135,1468.6834582329473,1.3923284371286966,Healthy,132027.73429822386
42,0.3723965108444331,46.64347693242565,102.97716674927503,1579.874765267512,1.828224399874264,Healthy,136104.68867508712
43,0.644660729662864,44.87921260991626,103.24868798525262,1482.7134014183848,1.2103790369723324,Healthy,134672.71975094258
44,0.5359522739652511,46.5038688882893,100.19924316922285,1426.1914689210923,1.5146081447607156,Healthy,134723.0182026663
45,0.4746888028941743,45.41209411330248,103.94334009436781,1566.6048054664298,1.6646793934263215,Healthy,137067.1418184134
46,0.5822295075020777,44.54894439752216,102.2959365945194,1497.9732047576229,1.293642998665688,Healthy,135697.85266326187
47,0.41193647035409414,46.80191843207987,102.38816427175898,1516.4357416554194,1.4593952499367362,Healthy,137788.29471772304
48,0.5958799403152205,43.943509725897215,104.12476898705694,1522.4671283384139,1.9135915106393497,Healthy,136154.788742592
49,0.7016302011782748,44.770847167123975,102.59753435307799,1504.9200247984813,1.6659696459192141,Healthy,131767.43685436636
50,0.4061627572469789,43.52228153162207,103.28476842584567,1627.8786934254172,1.5629929348556213,Healthy,137437.81034443274
51,0.38065081493949854,47.899184327851145,103.37689644180607,1476.578001649231,1.5290053011395925,Healthy,130000.0
52,0.6105065299375078,42.37194950336771,104.14666048323488,1455.5594603604732,1.6890169283464302,Healthy,135430.19370263437
53,0.5075254605659865,46.34414995464235,101.8505058074118,1490.418064291104,1.452609346469933,Healthy,132686.1141577614
54,0.532815091197939,44.472477633284136,104.7855560423591,1573.448630470798,1.5519572569360018,Healthy,133902.3737051718
55,0.45999311708395313,44.99666784378452,97.6601779605206,1545.8560521566494,1.683777687335972,Healthy,133391.0571700837
56,0.6581382306794937,46.403554318662955,99.45504349745833,1545.980360695529,1.4639830795006308,Healthy,137528.7368397137
57,0.41613553881678844,46.15590908531699,103.71698438384533,1548.320520911291,1.3536294662644728,Healthy,133720.97105651177
58,0.3879064742133844,47.21374744455326,100.96412698252277,1527.0992774082233,1.748385231018981,Healthy,137873.77296370166
59,0.5004718823401038,46.05754308145568,103.23753510934995,1509.8309397925873,1.5467515359474557,Healthy,138528.07216200212
60,0.4604340830175696,46.82624263179786,104.36835116345908,1487.347069596083,1.410236835288591,Healthy,135238.54457729022
61,0.5205966095364181,44.28204713712341,102.74781115118672,1498.8789004872294,1.5332246789855324,Healthy,133496.16815137447
62,0.726479224439721,44.20563194662838,104.80498250654462,1524.6842411794466,1.4963366308245372,Healthy,136054.52134842382
63,0.39549576956532007,42.74991018649318,101.9128543688206,1653.4370842622513,1.5821917874763434,Healthy,133639.6797155696
64,0.5519262217536546,43.83702967532454,104.84761097625757,1529.435456327802,1.305481847210953,Healthy,136629.40546045167
65,0.4606769409349395,46.35831502664054,103.98480512447699,1509.9992408333298,1.6115779430381776,Healthy,134125.3179193857
66,0.35780128847950915,44.810130983202555,102.05797688603434,1508.9432823699972,1.5752240289937034,Healthy,136537.8276663233
67,0.5380396071329813,43.394150606326086,101.16761055536364,1543.231190999818,1.6773381765885982,Healthy,133574.59018969937
68,0.4645140414424334,47.02416284367726,98.20503317658526,1503.4756849515336,1.4204863528420626,Healthy,136444.6150699946
69,0.4727311689923595,46.343965212211515,100.69484630132267,1507.8346898505733,1.3855092318554647,Healthy,131221.0842990782
70,0.6033828908028828,45.35498090424015,102.73734050403631,1525.5665091918202,1.5006113587026768,Healthy,133335.28682844795
71,0.3088160191522794,43.11248616994508,98.37711176743404,1503.8895327739706,1.4047302142596396,Healthy,138174.8130031191
72,0.6126891793561398,45.591253749649816,100.75630429352796,1466.966909303166,1.3697271459637634,Healthy,138287.8111876265
73,0.655748195621839,44.78920040385838,105.77452399377614,1561.6035190607201,1.5701010468289012,Healthy,132783.68505897868
74,0.44725528800140246,44.557943692748616,100.82923937284926,1461.2998818998267,1.6583149296528823,Healthy,134991.4934089668
75,0.5492749578776839,45.83801672139325,101.77479683372279,1489.519207287706,1.4879045845010626,Healthy,135601.72948132086
76,0.4395098172314545,46.692747711578484,104.30100175397533,1468.8882110759348,1.325570995852932,Healthy,133699.97562092028
77,0.5546586671480255,45.6289031773248,99.6467781127993,1519.9847975255057,1.3682788889016713,Healthy,133218.61151175693
78,0.6440385719320924,43.23074646835192,99.05862378751904,1564.242155276995,1.4131484646493535,Healthy,135515.4193826537
79,0.5266956474499827,44.49924791058466,102.78912496311462,1540.672639885574,1.3864129038524604,Healthy,133863.3731585397
80,0.492697259632919,45.661310106701116,101.86896880649381,1492.695854882356,1.7136013022241225,Healthy,135063.73265606142
81,0.5055774665210591,44.744469306038006,102.79645721543413,1534.9622124397047,1.7692554345154805,Healthy,136059.28188939267
82,0.4788973473385663,45.36709044738761,101.00038468737704,1552.3507216381226,1.41205151525675,Healthy,135146.78941838886
83,0.5608181317649137,42.76336659356959,104.9713426772944,1480.378509869509,1.207605124832462,Healthy,136389.28297252776
84,0.5957400071467801,43.995227098166765,103.44457078569276,1558.3482765657966,1.4744618475707436,Healthy,135165.7776301856
85,0.5157390086427971,44.53180238219058,100.82415707838742,1578.4411151283598,1.3507731872017543,Healthy,133029.77072750797
86,0.5229781213988941,44.67426166796021,99.964227646995,1493.6409482084073,1.5371992640702659,Healthy,135134.43256689902
87,0.38431800493818824,45.99354718047438,98.20039586877391,1511.4262900020608,1.4579546427198116,Healthy,135065.33709560565
88,0.45519005083967207,44.95118432574733,100.38283305023042,1522.988475093491,1.382049075672555,Healthy,133956.77345422315
89,0.4355631669611943,44.73253514004346,98.93928944128955,1524.0213405663692,1.6390959527223625,Healthy,136426.01012106528
90,0.6607409007522536,47.817084458840995,104.32459442962914,1462.4884494812927,1.433605365518616,Healthy,134318.03820361377
91,0.4537784479345294,43.74775400348481,102.85874069242645,1477.4221184856833,1.3623736003435216,Healthy,139500.25981086065
92,0.4686533877463053,45.692470177575764,102.22696770622377,1495.2121928134352,1.4348623419813207,Healthy,135690.561101198
93,0.4196766195554964,44.83435934191654,104.73006813242723,1481.439754301821,1.637733913186341,Healthy,132289.5589457695
94,0.35125324661855983,43.65594203095196,106.055544594524,1485.227682292767,1.4279175477742392,Healthy,137117.10311380823
95,0.39972252716498496,42.59431648296831,100.45248337277194,1446.6589461384212,1.4407001805790556,Healthy,135504.33981619246
96,0.44466467258622533,47.37051828973421,102.13328679818052,1507.378772395112,1.4544699220419202,Healthy,140000.0
97,0.6492621289923189,42.466828487148724,102.99977580071264,1455.7637483847466,1.2458260091198505,Healthy,137467.27348588192
98,0.46912781990133745,46.17481320201131,102.17780152324582,1485.41787276978,1.403634232441847,Healthy,135225.58876467613
99,0.5274933034665685,48.164983258444494,102.78213023679547,1546.326538819821,1.4182380713153535,Healthy,134183.66698611513
100,0.6673441338279686,44.44522335836978,102.77992842916545,1404.301614843103,1.5619172001770452,Healthy,135361.56206405952
101,0.4142674604335902,43.0237295903119,102.01277582166445,1470.6317793170806,1.2355546512939588,Healthy,133485.49454087793
102,0.5018097800055755,46.96134262972166,98.87826441911314,1521.676494825373,1.5535088494380975,Healthy,133406.57725828746
103,0.45602079339814855,45.80900409123352,98.13929015566481,1474.1997803292306,1.3502495041605103,Healthy,134600.77529910515
104,0.4599655320762069,47.76997093208021,104.4349925015075,1553.466809446256,1.5655723510671324,Healthy,131797.92256825935
105,0.46719146104617604,44.0298720122276,99.14350614328093,1468.143097746678,1.74624120981233,Healthy,134196.5784345643
106,0.711586923364812,46.19292817693681,103.27331412781417,1504.323787236465,1.8105468261292441,Healthy,133417.13156107246
107,0.48286932852274805,42.878676528689766,104.12858409436902,1559.2088411355885,1.3508633571594268,Healthy,135373.66351180163
108,0.3805893740618106,44.9704583409793,98.61133099807883,1481.7200050714755,1.2768421800484127,Healthy,130000.0
109,0.5052252874028319,42.34334555254035,100.7448312664176,1508.3085112384456,1.5871941567540488,Healthy,132058.32253335952
110,0.49712035449257236,43.76796366831659,103.00580261977686,1421.0003917305514,1.570240919918618,Healthy,135148.42636655332
111,0.474041302946516,45.31504444828307,102.93799396367807,1487.2235741543027,1.6624112238817432,Healthy,136328.91122883308
112,0.5774826394630045,43.12713382000506,104.48073147147541,1501.7427013699141,1.728453496623125,Healthy,134984.12484964318
113,0.5899572205477821,45.601081480664114,104.39360029444686,1469.6670897404458,1.4056017005685137,Healthy,134349.54177640026
114,0.56365544942862,43.56223165233828,104.07792564149628,1473.9101641415184,1.2787121892638738,Healthy,134546.21534964535
115,0.5230388891401858,44.77655531140785,100.10128070924688,1458.1350777445414,1.6953098217882785,Healthy,139751.27963331886
116,0.33671671960603344,43.341761578007585,101.63005981700053,1547.3064917327522,1.3428256504021863,Healthy,131429.4889509902
117,0.5231633242828141,45.33106547337627,104.32760380338567,1467.7318687107156,1.4181483295390227,Healthy,132456.85656058992
118,0.5924376525728047,46.78831721910511,102.6535683838269,1457.0735558943459,1.2915537970530084,Healthy,133205.4168197893
119,0.5276932182398136,44.62068897587477,100.15160773411534,1542.710433994641,1.4710993726303094,Healthy,136018.52302226858
120,0.5628063939518516,43.923409545437174,103.05577828141817,1533.5947819792214,1.260314287205604,Healthy,133728.8795936122
121,0.43049322077608543,45.41764767589256,102.2024040628764,1497.1913765222941,1.5948844411520287,Healthy,134984.86061654225
122,0.6656783037539208,46.255122125280806,100.35058854794134,1400.2218279398382,1.62999960077279,Healthy,134432.5380564107
123,0.5766604293903359,44.2435955225293,99.82736879509677,1552.5692754550423,1.7131947232991926,Healthy,135149.22994162035
124,0.4227573374895054,45.15459140413287,100.19447088677401,1468.796013439006,1.484870145506945,Healthy,135209.05423804923
125,0.44887137167040503,43.319211689755186,103.57725883505111,1511.680462995158,1.5688360812790483,Healthy,135109.36260220775
126,0.511482279738444,43.9304530665654,103.65782801077857,1530.129021981402,1.7629110215519896,Healthy,137493.92304864572
127,0.5314752664338093,43.80010594837664,97.60417298625518,1513.4907143371559,1.5087196442155228,Healthy,132855.6628621343
128,0.41832346156299277,48.08379712785103,103.18122044705389,1574.3206863086245,1.418099379717873,Healthy,136933.25689951188
129,0.5545576049019711,44.159456375275575,100.7971633030954,1550.6095835615045,1.638337829571657,Healthy,137066.95927227114
130,0.5474971250919601,44.394782022442755,100.5396031290094,1430.0571355439795,1.530183293757771,Healthy,135638.36471783748
131,0.6385448935972599,45.846231580822625,102.19294999411801,1439.3306812147332,1.414294579514208,Healthy,134702.96127170182
132,0.3743023809670598,47.3654724445905,105.07182111002658,1483.6297680249677,1.3780023195374722,Healthy,134785.60841501903
133,0.5049191575343278,44.2716208392271,102.6969030228233,1494.0515107390272,1.417743534236881,Healthy,137198.0530086988
134,0.4636113752455335,45.31041051911244,104.2301792683949,1428.6816703830214,1.8491828706919424,Healthy,131967.72037346402
135,0.5572221662269906,46.17450723465488,102.27427046868173,1524.9222017039706,1.3651259144708985,Healthy,135403.80159843893
136,0.508745355486529,45.87449588930386,99.74879709604386,1562.2707618331335,1.6475301120096861,Healthy,135061.4256150645
137,0.5616477971067895,45.21433685226388,103.6545717930394,1493.2759091678663,1.618593293353058,Healthy,131534.00000341536
138,0.5618332704141875,46.18441073942409,103.37434828360449,1475.585280674698,1.7034108754782014,Healthy,134772.68189721054
139,0.5423142387711435,43.64562899817275,102.56688784433621,1611.3155008652984,1.4816446286343232,Healthy,133346.48014609452
140,0.5485918445413948,43.0699848326917,102.88629808970539,1459.915318390793,1.349489184317558,Healthy,136944.63802003782
141,0.5894048497690507,42.42904529716437,101.86531084325097,1476.7259956603325,1.256001888942265,Healthy,133288.52781794177
142,0.5016697590947817,43.44078201755119,102.52833544451447,1496.547676927269,1.7283472719302355,Healthy,136364.23615707117
143,0.4113048147078222,43.21836441472048,100.58442496741814,1487.7097121617026,1.8176339872578609,Healthy,137652.7893697607
144,0.8814727583031712,43.84966527271572,101.83389156891285,1514.4299621197297,1.5336800529502814,Healthy,134042.97405789493
145,0.6278765590734452,47.61922837610775,102.79409478847127,1427.9512141989594,1.4090827865938627,Healthy,136406.7519805645
146,0.7435156849044259,46.4528064336787,100.55457181008143,1462.8335295191418,1.422031068491194,Healthy,135557.28252119664
147,0.3,45.46834905457587,101.76762918358841,1579.2873806827113,1.4660016451430447,Healthy,135652.11229028995
148,0.517743407744884,45.39192298393483,98.262835427099,1494.0961298083298,1.5692427779601046,Healthy,136638.77288175517
149,0.5409115128482694,45.06487449161681,100.48004319733394,1510.876458868192,1.5644167212831217,Healthy,137391.97058503333
150,0.545031217023966,46.230195271809066,100.9793268284459,1358.9585209151658,1.660660959581361,Healthy,136009.68554426354
151,0.5043390351250907,46.32397774790831,104.68918472204594,1430.0778184760263,1.6383610273776439,Healthy,133905.94697751585
152,0.47957211799920546,44.15834270642176,102.73314291635273,1484.5553978294738,1.6281187172542202,Healthy,136401.1507320488
153,0.4965767054524699,47.679675392021146,101.3461073689686,1542.4817571471362,1.316943240569646,Healthy,134073.4696931357
154,0.45325066271425174,44.262582520992915,100.27793577648511,1411.1303804072722,1.7166125514284654,Healthy,136042.69690660565
155,0.6878810393478691,45.26412642167462,103.07466644440674,1576.4020656399603,1.6594146758961719,Healthy,136970.5000475705
156,0.5332149384491216,42.85481757656762,100.68279458717949,1490.050581563576,1.3882746531865005,Healthy,132896.24864521428
157,0.39442851818856284,47.83007363765648,100.507817556516,1593.448795383771,1.5741475229903832,Healthy,133568.1368686278
158,0.47091471948485286,44.92653153842204,102.22045179646125,1450.5335695249896,1.3281556847763576,Healthy,136125.71635571335
159,0.3,45.60439677738611,102.82002776111729,1486.5777050484007,1.3238232673861836,Healthy,134744.80233139897
160,0.6832916649160341,43.74710894131556,101.84147723479511,1532.9907718622287,1.5991844589489987,Healthy,132223.71909771799
161,0.4173170200393362,45.48274420327033,102.60377375089398,1479.0916232615414,1.5100789294458483,Healthy,136357.88898811795
162,0.5786673861965792,44.17678508531572,105.14453112660752,1542.7313176826615,1.5307565054438832,Healthy,133743.30489534177
163,0.5559361729692571,43.4169068647511,100.57717406819563,1494.1837826316505,1.5009734821665754,Healthy,135038.07009625772
164,0.37519764970256186,45.935199769919485,103.48683560487585,1461.8593213445406,1.6914799856056932,Healthy,134418.7826529644
165,0.5329387659120127,44.79264463406035,105.59006436052039,1502.2014964991445,1.4921639652951202,Healthy,135966.8156073595
166,0.4295179021771158,46.217273008493486,101.93031455774222,1448.233422222347,1.521833126177345,Healthy,132202.48967919828
167,0.47752590233551734,45.919590313696176,101.69117895370586,1536.8597617094838,1.3684717216271605,Healthy,135990.6215152855
168,0.4974498074107718,47.195749921467375,102.06825709671632,1494.0496227315618,1.4626396647932205,Healthy,136535.26495158332
169,0.35266733537324935,42.43319243900922,102.03870021033222,1521.7954589424075,1.5730237728072596,Healthy,131784.3863544227
170,0.3870697580903324,45.445375222831494,106.03300385190431,1486.5156003552604,1.696944135707813,Healthy,133561.05257763425
171,0.5472724916294893,44.33263157753378,103.47531649936906,1478.1244288116065,1.448702495707359,Healthy,133461.16944127824
172,0.5785733771619315,44.385712180194645,104.72929541756606,1427.8308730413935,1.493013811928791,Healthy,134105.45049415433
173,0.5367979427044429,44.51928063313,105.44989050699117,1513.4483305173862,1.731554452870882,Healthy,133891.55955015248
174,0.6343653810127203,43.77276532988761,107.24867712982879,1517.9896642267304,1.3544458972803988,Healthy,134722.7921493909
175,0.500916932710896,46.85520812359858,101.06600101227238,1453.434783325366,1.5327899090220358,Healthy,134825.1773613453
176,0.5504640675581625,42.90159652813908,103.35589758113265,1381.276281073822,1.4783217743585286,Healthy,136658.0422290769
177,0.4443254367245008,48.4480950308337,105.56630880522066,1498.2566094643373,1.6690071315457486,Healthy,130000.0
178,0.4653709536578283,43.25090597752493,104.52507596182147,1459.658808580734,1.3014427157968655,Healthy,136908.72286319145
179,0.4989746328534336,46.00717524769632,103.88203893818161,1507.7780840272344,1.4297232336621948,Healthy,135542.53208743158
180,0.40728345757450146,46.77162748430104,100.6193993451592,1502.3491206958595,1.7024266475053813,Healthy,131851.86114731742
181,0.4400532323110313,44.71644599383837,101.56152263884049,1467.5803366766527,1.6025825110485978,Healthy,138040.98442832244
182,0.7181808563299301,46.02186739574727,100.20388830440552,1492.7476108411122,1.3743696134934984,Healthy,135649.62572683685
183,0.6010335679130795,44.52469471141778,102.1020342556028,1488.5813364647602,1.3114452392647626,Healthy,137731.64465788973
184,0.6708248953597613,45.33710621294914,102.80486585610129,1455.4236675236564,1.5459106911309235,Healthy,136766.04329934253
185,0.5247338274947231,47.23383561596174,106.82196371423146,1469.7740174445785,1.440068886470766,Healthy,136398.67426312223
186,0.47862455171950147,45.04299211429447,103.73679364720803,1573.0161155557594,1.547822380109428,Healthy,134732.47678085562
187,0.5033921556239976,46.41423827085159,103.73664555460749,1453.5824407521256,1.5241222383414978,Healthy,135628.270360904
188,0.6152791566088913,45.9325367496504,102.1748769587107,1495.97158568973,1.3639470002321423,Healthy,133528.0425064834
189,0.5402429264860592,46.21908151747939,104.80113936389259,1482.9167418788809,1.7508969400420948,Healthy,138061.71741754637
190,0.4853995673352236,42.90965920298791,102.53862282723992,1469.8771086250617,1.6314270942921358,Healthy,135630.392309471
191,0.5127372246164257,47.390405690054884,103.1333785846194,1445.7242511268207,1.532654704783569,Healthy,130000.0
192,0.37503546313098235,44.907436959946445,99.9175434732598,1481.7258154400256,1.4560477018713844,Healthy,131911.22241103073
193,0.3374078954744464,43.52158486113813,104.03357871995885,1460.3646660576003,1.7525324463287868,Healthy,136408.39570666043
194,0.4366251056549394,45.68172938761239,99.93626354067959,1475.7812454381876,1.2575010233466632,Healthy,135424.21503857817
195,0.6189278581348875,44.835637013766785,104.42208449545815,1477.7452790045186,1.373241089761744,Healthy,136831.55404460776
196,0.38921036475225235,46.67208257464052,101.1628266876587,1433.7609903326734,1.516159342759282,Healthy,138571.9726348724
197,0.45857506653141616,46.44651743968812,100.27825777820017,1507.9680825950984,1.8207435521398352,Healthy,130944.39059667915
198,0.6080947181134957,46.11475083368076,101.0434291934339,1518.1773652336942,1.3640441375503736,Healthy,133501.1864497843
199,0.42618569134909273,44.06997597392288,105.72793132744748,1510.6540748192053,1.4619261032651705,Healthy,137266.73531993365
200,0.36293348608334497,42.243805815807335,99.45826708239254,1525.090641841477,1.5054752859231002,Healthy,136215.58792800785
201,0.4246794813185461,45.81536466954009,103.5953229576648,1507.797179996791,1.4749388317088725,Healthy,135630.90303483148
202,0.5735006368782158,41.47901638114192,102.78532148647993,1476.7639237258038,1.5549081420198674,Healthy,135055.05270120603
203,0.4784008509020282,43.74205736344969,101.05239910788883,1526.9926555674267,1.5717806805672538,Healthy,131109.14936792207
204,0.39819413810191545,41.796029414486796,100.65097445892009,1429.2525139514437,1.5420112576172313,Healthy,134714.26917697367
205,0.5759271789541035,45.070807741469636,100.27254720967427,1480.948969257713,1.2470338323326655,Healthy,131778.9247416213
206,0.5142618162498508,46.151515433902766,101.46280638733991,1536.3618356066527,1.500573223018334,Healthy,137865.8585518897
207,0.6233474023433195,46.5299241639844,103.45406690033631,1469.43074974573,1.6273611889454342,Healthy,130490.58514434757
208,0.45762655537127656,45.92529913991732,102.93336021395497,1525.9958522653485,1.6053647318660758,Healthy,133330.6143428884
209,0.5452704413735366,44.52094623757199,102.4261115175289,1525.1594808195719,1.7672176897009977,Healthy,136988.23550211376
210,0.5550744526571378,43.043051219559594,104.64774394964306,1477.8446280238759,1.631215976722981,Healthy,136537.29886524822
211,0.4956121374513465,45.202599245608226,100.49493241203355,1483.015243013337,1.092841369205598,Healthy,135337.82810886367
212,0.39666293617534415,44.6518942332839,103.82524019979869,1484.7775987782811,1.4724471605775067,Healthy,132913.24162414233
213,0.4993132689730793,45.60963255079578,100.22874497820133,1539.7412223051438,1.709125452433329,Healthy,137230.9376961041
214,0.6001652637260203,43.67144278613703,101.60442935064874,1558.953052292369,1.5935004260569454,Healthy,135610.3467549816
215,0.5744532458723515,46.949804529934546,99.39307521583433,1546.6959440787978,1.5213878096686562,Healthy,134967.6103816014
216,0.4010745151163766,45.33383905971062,101.45696983405163,1488.4767592593341,1.464916353558824,Healthy,132541.25607548872
217,0.5077687575558327,44.580543198333395,102.01566166106534,1537.392322350856,1.168542028775408,Healthy,137101.03864647777
218,0.44479262694340477,45.93470744237933,101.78527493003146,1534.1367220819664,1.3285068910752522,Healthy,134203.2752499056
219,0.5396803854737604,43.772259187450814,100.99211039883805,1523.448968635059,1.6245545896872569,Healthy,134777.78982245887
220,0.5813018309471008,39.72192039899368,100.43682993506538,1525.9612562677817,1.2677371399275599,Healthy,135117.1863445572
221,0.4314970234629424,44.70289311675193,103.58820451354048,1495.1214783041296,1.6725550481015183,Healthy,132053.12157263132
222,0.4965662882516287,42.23706719903231,101.09197397686214,1563.78282057569,1.6143382746044406,Healthy,132849.70412856914
223,0.6456275013717103,46.165197549209054,102.00367901595448,1442.2405787823056,1.4737690620479662,Healthy,132552.12128266512
224,0.6922745466348834,41.40009188722205,101.28126754239514,1487.359950094071,1.4367938761756214,Healthy,136567.32984457645
225,0.47489329150398746,46.28850471536854,101.42878912425931,1450.164677655824,1.2132216266561724,Healthy,135966.35061845818
226,0.44333072665581497,43.94188861668855,104.79613053730614,1486.2514083542842,1.5420297522097486,Healthy,133125.22293312376
227,0.4927824436827164,42.01637454528064,103.13481448821659,1510.2436384383689,1.7219147397383656,Healthy,130000.0
228,0.45716720021907736,47.2262580470087,103.82543619791122,1566.7381241229084,1.7701611562976973,Healthy,137580.3963855077
229,0.46144320277536427,46.05739266331133,100.57566003091473,1478.596740651915,1.6273437728525608,Healthy,132652.88843632583
230,0.544558235524481,43.5086666520526,102.67724340505984,1521.0289161230628,1.3063328058745542,Healthy,134003.89641209142
231,0.4601496350216941,43.10389307330371,105.3185126369325,1506.7768922334278,1.5728795635019783,Healthy,136455.8887669218
232,0.36101502437492694,43.06619270923626,105.10498971402646,1526.3346160181075,1.4229678277403353,Healthy,134334.44814741355
233,0.32267912695600764,44.280306396439826,103.82477971634188,1524.133996574962,1.3505525783960028,Healthy,133821.1825218211
234,0.4491470077950154,44.549445295200016,98.90574327484666,1500.0643908717361,1.4135026236691208,Healthy,137916.97809130934
235,0.5197748789561495,44.67611956275285,102.74007556180537,1503.91374805888,1.4528782309640946,Healthy,137084.9592835182
236,0.5521445771130046,45.148909991528924,102.71309885971111,1501.0369803465142,1.3659070417008599,Healthy,138195.49791355466
237,0.4595569771929545,46.53539923254859,103.75698679753962,1522.234638516987,1.5939129651614758,Healthy,135563.6132576939
238,0.5218537203586543,45.18549287328373,100.23809726005975,1498.052291902367,1.535742177469301,Healthy,136654.0564503241
239,0.5730345508074757,45.25595184913952,100.0043307202645,1518.8883931219623,1.4232929009262107,Healthy,134602.64782133827
240,0.4688263627477481,43.44437830486394,100.07276200413382,1467.9897631747235,1.6253859970756426,Healthy,133032.22042079
241,0.5088536449441492,45.26618076907682,102.35208289691991,1500.3250940355458,1.5927623843596803,Healthy,133254.7796770779
242,0.5948566976552925,42.00710411217933,103.27467239877267,1517.9260031702042,1.511919940730521,Healthy,135984.33704278772
243,0.4979948135373156,45.39925264380161,105.3792205982037,1507.2580474198255,1.4991269081158505,Healthy,134095.31792523968
244,0.46701928927400493,44.22255325225537,101.63401824801277,1516.7799908001691,1.6671512455471773,Healthy,130637.19998266138
245,0.5449847994363282,44.38606571113956,98.74905565974625,1456.2053272071614,1.7375138894955322,Healthy,135590.1974477734
246,0.49536787586391506,47.12810048710338,100.39234719282348,1503.6985416715675,1.4826163887412127,Healthy,133894.21207606143
247,0.5549216840717892,42.622494327220544,102.0835822881225,1429.2297488761176,1.1843234672430578,Healthy,135611.46975054932
248,0.6938068609133876,45.146383570042936,101.94044529904617,1490.3245688626232,1.5878446016794803,Healthy,136866.96782056402
249,0.5470711411724446,43.900116396207295,102.4576325430539,1492.0811923118029,1.4470530747809416,Healthy,136066.55301476858
250,0.5304430764977281,46.52318795115168,102.59857063986503,1437.442800647717,1.7570205831830283,Healthy,138676.8752625265
251,0.7999893314121037,44.21906695982355,103.24599025904672,1499.111388973452,1.5326362159623792,Healthy,134627.6093445263
252,0.6945999312890101,43.89192662650141,104.4793029132703,1496.8234828064544,1.53709624472787,Healthy,135078.4540706052
253,0.5388785024928862,46.16077853115236,101.57471374510277,1459.7542751037076,1.4585525634343972,Healthy,132612.39537245667
254,0.6118421030728254,44.14676559179076,99.70074746616987,1524.2090780133128,1.5747237469156266,Healthy,136055.51015606208
255,0.33965442637513166,47.550626918938605,102.6884004830699,1483.9924006277727,1.5659225020364804,Healthy,135521.81756745034
256,0.5023632294220074,43.40484451855815,101.34661141584454,1541.2976978031943,1.7784302702192587,Healthy,136597.8537189121
257,0.39390568050480573,45.09474197124922,104.11712236564294,1535.6604953908738,1.5263619351173763,Healthy,136907.6108159078
258,0.47863049117508166,47.50075943171153,101.13829124923079,1509.9946320811982,1.6956448808143576,Healthy,135307.41180115563
259,0.44997485306907287,45.93557365786397,103.5589458110335,1530.381084438602,1.4191267994759957,Healthy,134719.01784727254
260,0.6355101539886162,45.468098172330436,103.28947051169476,1524.8938564538773,1.599186442524371,Healthy,137080.82225458804
261,0.41874924485594733,42.92325818115933,103.86844941909577,1517.9297032544275,1.4817250145370333,Healthy,136343.28310452405
262,0.5891067870553596,49.011448760510504,97.9893398504211,1447.1924480308883,1.284135118398122,Healthy,133762.9548675781
263,0.3067166248350752,43.1991594008012,102.94062973584276,1527.0811633942656,1.4019772134393245,Healthy,138526.79326236242
264,0.45301108210009416,44.62722922707915,102.87852773539628,1516.137559045493,1.260053818633024,Healthy,136616.97732828098
265,0.5070963034328827,45.972629863411406,98.84651297264863,1525.1704214675901,1.4413587831119732,Healthy,130934.95137064993
266,0.3,46.714432721422064,100.25889197842413,1523.2613313217264,1.3803335430538983,Healthy,134782.78645310565
267,0.55952899996615,43.63296088170863,102.26647716266939,1479.8398157692286,1.5865805879062995,Healthy,135136.40823504602
268,0.4662863041799648,45.219822691837926,103.30099866276953,1464.672225421395,1.5667932616553466,Healthy,140000.0
269,0.470567183168576,45.363419758309064,101.05272317753635,1548.3377573013843,1.328884741437682,Healthy,133405.05996673042
270,0.5288112816749395,44.90509942806152,103.51375202682242,1579.403770554552,1.6172948543078567,Healthy,136508.82316806453
271,0.543518414189752,43.3325682371568,101.65427107881257,1496.920595937756,1.7592689305878673,Healthy,135651.69504844391
272,0.5310154121720065,45.97609860768713,100.59522567542471,1467.6413850741415,1.3938295671457948,Healthy,133629.44363265665
273,0.538103235755506,43.539366721445006,103.341389243993,1503.1414889346815,1.6384769300485562,Healthy,135258.5406410583
274,0.5701771566937719,44.30904915430268,100.65878097002948,1495.8057002196767,1.2884317066512598,Healthy,137934.07240794192
275,0.6609995679633109,44.98636555609704,102.0484943538794,1504.0199866254145,1.4460169342357507,Healthy,133212.40585588382
276,0.5587043521511433,44.87170160514398,99.96967617951017,1478.3740438268287,1.319145006693437,Healthy,134946.99074769756
277,0.3870746684991197,43.98095867344422,102.40302250127236,1578.2865722466745,1.450045806337236,Healthy,133815.2286702135
278,0.4005648008733136,47.37001224696101,101.36702471947405,1493.8226460115632,1.645647581496138,Healthy,134401.12057260136
279,0.3020871327190311,42.51084116600335,104.20034613747876,1483.2840785686835,1.8644031860019226,Healthy,136455.688462711
280,0.38742120369324856,45.05672766533545,103.25538139390936,1507.9049511024975,1.3290013940299266,Healthy,135971.7633871415
281,0.4405582693598711,45.2854967547117,103.69066203819459,1516.4857160119952,1.3920324572696872,Healthy,135241.3234003363
282,0.5533404604571379,42.89386579115688,103.94407726789683,1578.1699804884988,1.457161453667253,Healthy,135027.30705768018
283,0.458041669291102,45.35340065310825,103.38261372711023,1533.6297911222723,1.6625209074398604,Healthy,137663.49164868513
284,0.642316986457253,44.952100399874446,105.03989966195958,1538.314580024173,1.5651309652801322,Healthy,135377.81833083855
285,0.5557705455514385,43.00961569819399,99.36898668885243,1482.2186782311953,1.460255499027336,Healthy,134438.85817029708
286,0.49884005016276733,45.51752479132997,100.79555205103881,1456.289855545828,1.73614707594288,Healthy,135603.82165972848
287,0.4353086701376318,45.60167720088434,103.42860049999283,1519.6075519397584,1.556547192156672,Healthy,134979.82860119303
288,0.5882363822669456,42.96572765042805,102.70810427597165,1428.7101988542363,1.2852446338730328,Healthy,131276.50708385283
289,0.43703412681028875,45.13561031572079,101.52133556414265,1486.2801356985833,1.445463972601996,Healthy,137167.74892074533
290,0.6141038430983041,47.307441478308355,104.08419191166014,1416.4634857309431,1.765801040824975,Healthy,135179.7716054121
291,0.42181782358594866,46.07449402514559,99.0515577731623,1424.9725175137705,1.5669987863306847,Healthy,135084.0458293925
292,0.5160016060130872,44.144066998522774,108.1645668961618,1472.9856508763985,1.5415530340456678,Healthy,133425.14212302744
293,0.42328701706910904,45.90130269637455,100.57601582188683,1541.774343510474,1.6866625529916872,Healthy,135451.92199919664
294,0.3197343125649166,46.87465906651571,103.06883716647823,1527.281267701393,1.6736180453428768,Healthy,137409.30325470425
295,0.4770250993885411,43.71205640877753,102.9327686165718,1501.139753611179,1.1668658671341432,Healthy,135964.06700335714
296,0.6799182264605417,45.626662977522145,100.7813355613848,1537.5073262257133,1.3264271876507419,Healthy,131983.74496096218
297,0.5915976316589576,44.6416430712123,101.0950669452654,1398.722760238159,1.3478672973169463,Healthy,131857.5947974569
298,0.4978724961509494,42.64572040721202,100.96986312085849,1469.1521563937276,1.5973267719247999,Healthy,131610.0999924873
299,0.4328884948591403,46.72586434224059,103.91981133732749,1492.6902786084881,1.5423525563328506,Healthy,135181.74099795302
300,0.507144578383697,41.28471604860919,104.17108930858441,1465.5307661948464,1.4537986583158298,Healthy,136055.91905734828
301,0.49294046628893384,45.66880948539942,102.87463928588612,1497.7788132900866,1.6426000220654051,Healthy,137469.35183420568
302,0.5023563576674098,45.093930496241256,103.57371822878517,1530.4064466663744,1.3070051715516338,Healthy,133399.63874617693
303,0.5918573407690852,46.996131339104174,103.31970261977622,1548.2522776764654,1.375591528056199,Healthy,135456.2401558368
304,0.430142389202866,44.72574362227061,98.9296790375465,1587.8713403043948,1.6136001220755694,Healthy,133525.82506847187
305,0.48621606297780967,48.14936967113598,101.26131906261986,1414.458917973067,1.4538179838550225,Healthy,134728.44567416876
306,0.6568817784632827,42.397754671841646,102.97892383868249,1418.354159928131,1.5487128225929696,Healthy,135744.86072292947
307,0.5536818936132609,45.84708750948462,97.70504509085988,1483.5556391377752,1.584847600962328,Healthy,136297.59312170706
308,0.5009839888534513,44.57294981096635,100.30006800597391,1529.567413499882,1.3032857502056157,Healthy,136186.00825236546
309,0.43838359402437593,45.651174301876566,102.22314556119288,1525.9227652895236,1.4953131962351776,Healthy,135461.15512096093
310,0.34849077939276013,42.90905618893116,103.05734724680609,1526.3271975464927,1.4332079441693493,Healthy,134892.73032114783
311,0.4742076637369554,45.85688682756904,99.97528440773793,1477.8926322371656,1.5522912555634083,Healthy,134198.39096942657
312,0.49617847088221656,44.74977737013773,98.35131226364679,1502.347777250306,1.8152024702670704,Healthy,133600.85576378836
313,0.5385386436775241,42.77566616733358,103.27870478654735,1585.8188612276203,1.5645953696094086,Healthy,138037.69741574174
314,0.5178584752361142,45.802300811271024,102.64368245618691,1538.2970478663624,1.5779702075656923,Healthy,135936.16238545786
315,0.40282698269675643,46.08958721057221,102.21036629952306,1435.5941914829045,1.7247099719170764,Healthy,135377.1514754839
316,0.32675121709695576,46.83872016352885,102.46981206636798,1501.7347898978862,1.6232963952138095,Healthy,136985.95836051644
317,0.544983895808772,44.31773337250872,104.67361020663714,1497.1812033542453,1.4596923251518488,Healthy,135567.55276733226
318,0.4297004244974944,42.24196317879362,104.07626576439516,1496.1381567526396,1.679966423815592,Healthy,133447.3408475243
319,0.42916870317958106,45.41541149418725,102.63310917961563,1495.2135575291682,1.2182900456218042,Healthy,138417.37148354048
320,0.6031953773820476,46.841438306569316,105.9588701776641,1485.3953864501402,1.4654253675520355,Healthy,131934.84725213546
321,0.5304099291219572,46.25037880228338,104.63697268301554,1494.3068768115156,1.680509645833186,Healthy,135290.90797665674
322,0.5642914459413625,44.76099086391125,101.38859344185484,1451.354214664734,1.4912057935156116,Healthy,135723.5176587374
323,0.39304082504250937,44.61472342687552,102.24838852292288,1488.3732390968405,1.693392292142902,Healthy,132824.79861586192
324,0.41686442844975014,47.76326057999448,105.99780482686688,1507.3849553152525,1.4912948085409863,Healthy,134409.15825667992
325,0.5486050831349869,45.57575290600866,100.89452956475682,1489.8405850167196,1.3805767028295393,Healthy,134873.34551013925
326,0.4433714901740193,44.481525166900745,104.29018834210702,1435.3499682280635,1.5596081666946566,Healthy,136584.95689777497
327,0.380294746533002,43.233353449772174,100.45874589314184,1544.9783094136953,1.3055472111962148,Healthy,136262.96867884177
328,0.518809092089242,46.431407665115366,99.16662608902689,1438.7892865962417,1.3864797147719967,Healthy,136288.87548857738
329,0.5678377221504785,43.6334869681039,98.87279566077763,1458.7656615385993,1.419522121742379,Healthy,132423.80262818944
330,0.6481648251209374,47.26080859439837,100.91009116891986,1549.8219266102387,1.5527234965228083,Healthy,138016.3580895825
331,0.5644342170730866,42.84096991591139,101.09042355820898,1479.3241261320654,1.5629069910350883,Healthy,136915.501887131
332,0.3,46.840040410411014,101.36901304375967,1523.806652399273,1.2046991038071526,Healthy,135040.61793682366
333,0.428395421179511,44.95438319726725,100.99137534546844,1519.7317369011453,1.5996828296474055,Healthy,131982.27809162127
334,0.4439030651566694,45.28345909143902,104.54955340549041,1458.465974270462,1.5164998538115346,Healthy,135950.4540596555
335,0.6383742183914893,43.52600056629284,102.83119957493555,1498.0184753493802,1.5461063565520334,Healthy,134914.15962183088
336,0.5676724799581415,44.949928264017096,103.51259302822727,1472.476614972884,1.5124375446785356,Healthy,140000.0
337,0.3,46.17979622409701,101.90331560484265,1492.1665500846595,1.5590558362299074,Healthy,136798.9307229583
338,0.5726610771334212,43.210965229644785,102.60833081855978,1521.2724314469224,1.7553128808175156,Healthy,133250.35097252735
339,0.31142106949829973,43.3152338861767,100.20228124346622,1510.7229169161951,1.315511450672727,Healthy,137186.22145266706
340,0.6387023432298282,43.55879229717253,101.66459702909154,1463.072298883321,1.3442050371586804,Healthy,135013.42168027573
341,0.4052120403603219,44.510888581612384,102.21604198705283,1552.8922139039876,1.4207809614136844,Healthy,138643.50480696873
342,0.6648109887140005,45.95533845860733,99.27163960989849,1491.0380604377003,1.3819060905931113,Healthy,135549.38096981618
343,0.4378952991567625,46.597655385662414,97.49799449551882,1447.7053535118062,1.48409839394764,Healthy,135671.56984582377
344,0.5029618997637806,46.04015467269684,106.21934414776541,1448.4127043054782,1.712997542092655,Healthy,136176.06552698812
345,0.6144515965192667,43.866719572930464,101.38506325083995,1528.8774891276698,1.7055110848627613,Healthy,134684.39282678213
346,0.534625784855386,48.1569764079199,102.86065612505426,1520.6962963517665,1.61912985901447,Healthy,136474.93889948804
347,0.7019848066998596,44.68073704891651,102.80416518968202,1470.0995605410599,1.3337840571269783,Healthy,131775.15698945487
348,0.5318922725234086,46.072586889843,103.04078647912051,1445.820894923736,1.567894920573127,Healthy,132801.73675685193
349,0.4370061328368035,45.57275357337421,102.22173300414805,1527.5086258410013,1.3630733800181503,Healthy,132621.65559140308
350,0.5046220466129684,46.755161204776115,104.82556247437385,1524.8391887002354,1.6250595790457196,Healthy,132443.44494109077
351,0.6847702994808021,47.50436965456972,101.22593122007463,1449.8339284655203,1.6660596247808388,Healthy,137776.21442299982
352,0.3596939266770641,46.44968314630745,104.19955314571024,1578.8419488261663,1.2375137289193796,Healthy,132285.98280853865
353,0.4474806529521628,46.2550367354441,102.75551496183084,1433.3255785193928,1.4577922231121798,Healthy,133945.3882576633
354,0.530154279899157,43.4999213843878,101.51836625469811,1527.925886302366,1.3377227831085443,Healthy,132329.07838813603
355,0.5422621155639817,42.208337845254505,100.17210933750961,1501.9779364952876,1.5697313804377804,Healthy,136391.18300314355
356,0.4244667103918164,43.576540805534336,104.22613933416571,1508.29008564513,1.661157666277702,Healthy,133378.28845089034
357,0.5356144044990528,47.250169904137984,102.03946854064792,1499.1014801147494,1.5200847831263746,Healthy,133103.97565807565
358,0.5392524067320069,45.878945150906254,103.63171053916864,1476.153396159228,1.4093733504402823,Healthy,133801.10411455805
359,0.4103731833037483,46.07020787926733,98.90305271647127,1497.8273236378468,1.5599540050891036,Healthy,137627.62364212808
360,0.6191570020715642,45.92729400027747,102.25989682680968,1477.0659582971946,1.6758082390251652,Healthy,133498.6157682137
361,0.48909344996018006,44.365792852227976,98.79817680156707,1474.6433171935366,1.5469551891887257,Healthy,136940.39815835014
362,0.4738378137835776,42.17040644316302,101.4647251933954,1487.5196839683774,1.2999284566047935,Healthy,134851.52805484095
363,0.6064014308840556,45.94894247614438,101.17540732455527,1505.7788222561414,1.776508303799166,Healthy,137936.7035423993
364,0.5238165527223717,44.60954010582205,101.388060198937,1548.0110245357616,1.5248434689780936,Healthy,133779.8885550143
365,0.5050855353935634,46.62229110858891,101.18379972816119,1528.0383470602444,1.530219725874497,Healthy,138283.63125234726
366,0.6097996475232326,43.52593311843204,103.69170564543435,1541.9228221759795,1.6637945779735224,Healthy,135162.42758361992
367,0.49361838395836055,43.72771131946411,101.175493031428,1522.0319476189845,1.299832197526178,Healthy,137760.72303160874
368,0.45090547136237996,45.12727333422574,99.18000849791896,1514.2473182781164,1.390353884451527,Healthy,133822.0906731071
369,0.36689299402602704,46.91877232696546,99.6058983981556,1558.7703870077892,1.5646121960936277,Healthy,140000.0
370,0.4608475049186099,45.995092376614615,104.03024720784676,1518.6680993438385,1.7763382022885517,Healthy,138237.19215681785
371,0.4461488871047051,42.73854871143533,102.75698412850004,1548.691556770046,1.5397772846220164,Healthy,135620.07297716461
372,0.38944323873076814,45.74711688998513,102.06362270116588,1515.354150142758,1.6430148536735698,Healthy,133899.57278264678
373,0.37772290330150304,41.9175739436847,101.2675027256754,1484.073413424399,1.5281954204885264,Healthy,132595.6764166781
374,0.6292484658750033,47.10984416116741,100.50713261091146,1518.92797385366,1.4947922314740418,Healthy,134399.80735835637
375,0.4126192081654213,42.42301353663131,104.82442934618341,1504.3864390824115,1.2862426830533975,Healthy,137201.8178141838
376,0.6376451023868961,46.052097817472536,102.81378963579844,1552.8459457259687,1.4392754784669017,Healthy,132224.429698926
377,0.5638544517915701,46.468222189810604,100.12733470433103,1519.9330892081,1.3896098785048554,Healthy,134809.319786098
378,0.4994176063345125,43.894159354427735,101.88697116995537,1474.7365353047105,1.5602890308917363,Healthy,138147.9269691848
379,0.4850211569814756,42.96733211240925,103.23937506541931,1472.1393526171692,1.6919873193331023,Healthy,139259.7933873091
380,0.4170013088469826,45.28855312592591,104.28945440135799,1526.1256832346353,1.2282053838764602,Healthy,133157.0734101275
381,0.4998141798376723,44.38969912109114,100.79870008757203,1487.0562180294635,1.6464061781246382,Healthy,130065.31954090235
382,0.5432113128872088,46.11070831802495,99.68468271493796,1526.1195711998976,1.5522891439657622,Healthy,134468.96845523157
383,0.37640532740278376,44.04550646955485,102.21109395170811,1477.3209521454262,1.7697059352249063,Healthy,134389.20067785087
384,0.41721691337777206,46.119956210175495,104.50350229425393,1479.7053057079606,1.4638582589028897,Healthy,133919.05893292167
385,0.43966077721764396,45.88479143595341,103.31159426569855,1505.5759724618422,1.6234528656975271,Healthy,134420.2710852879
386,0.396723004414179,45.76984553822773,98.96785821633533,1459.1522172182083,1.6978249139223403,Healthy,135774.2110942247
387,0.5384336639135434,45.72438319556901,102.84482205364206,1509.7750815551967,1.5898875413939053,Healthy,134694.5711227304
388,0.38495581325098305,46.79261455752912,101.80324415551713,1507.447757643196,1.4765279996639296,Healthy,132290.13276570602
389,0.4130413861396371,45.58452484294282,103.07856338828122,1518.2792971974459,1.488386698827097,Healthy,135526.88322763392
390,0.46483781786980705,45.798365298019064,103.67763043049487,1547.3969946018537,1.4309430531733054,Healthy,138118.85773278776
391,0.33477059378334717,42.46431526463073,100.71208338608237,1538.5709567775248,1.3877059010993897,Healthy,134180.5502381949
392,0.5234756917041639,42.41641259000234,104.09503167500121,1498.862898307559,1.437093733731037,Healthy,135196.78325870683
393,0.5311318884154621,43.32378960398343,97.96138226410561,1466.892344223176,1.4905307234109466,Healthy,132863.52021314797
394,0.6395313198166643,45.15519385918876,106.43770293375927,1497.7984079659182,1.9352880101168948,Healthy,136552.08569462158
395,0.37035744712427954,45.490702946582985,101.08109694383498,1541.981083772413,1.4568195715311676,Healthy,135348.54369559936
396,0.6499612325195511,46.911544760918474,104.58504191229348,1523.9935772048498,1.6200862559936824,Healthy,138901.80159270155
397,0.3112873159682964,46.466084067750884,105.61379686139733,1492.6920541052643,1.5841022300962306,Healthy,132950.32034917013
398,0.7191701995906425,45.037187621086325,101.33667987767383,1523.145140021768,1.572539105120562,Healthy,130585.66124765534
399,0.5133044311081919,47.1398985436591,101.78744920397746,1437.6366734246722,1.499476837483299,Healthy,134096.1771721609
400,0.4452007881289472,46.0707001453007,104.22593110377412,1513.3390474161795,1.389264804688963,Healthy,132194.82968544483
401,0.5226379552237064,44.72675362068824,101.84937976665599,1572.1307567247188,1.5812626218214116,Healthy,136183.36419485317
402,0.7881729574489933,44.974293884020824,103.13862419094427,1491.4912614782704,1.5120014491880631,Healthy,135641.36594597818
403,0.4913071777383709,43.789764092125914,99.72739107538628,1517.5023527381506,1.5223322172644573,Healthy,131535.64288553922
404,0.5661330958452035,44.74290212519832,103.774243414673,1487.8736907339878,1.6760077380163518,Healthy,134752.3473726728
405,0.4633123147247614,46.6307518050717,98.86836912284748,1551.9108805256574,1.41475381484025,Healthy,132875.33218156145
406,0.39883387930381103,46.108881988038206,102.38987189822483,1483.2566235445597,1.518289577777188,Healthy,133448.05015030396
407,0.45623870051838944,47.59202074597734,103.01797182253759,1519.0669154621974,1.5855858355372356,Healthy,139452.03866852095
408,0.42058470586825103,44.8468477188683,103.75339692068809,1488.495056608101,1.52715000343561,Healthy,134194.9020783525
409,0.4568404846036296,45.024636263168524,99.75660180485315,1425.3676331053173,1.544763633964601,Healthy,134555.3479457612
410,0.4704689520197124,44.62058752460455,99.69652381993731,1502.2765830724722,1.426766011095482,Healthy,133708.17684686478
411,0.41587768871538533,49.113490011993235,103.6197277041402,1502.3260396000558,1.3840267630555685,Healthy,137111.57192084397
412,0.5156372590624897,44.697941581636876,99.33052602799552,1471.5912612027555,1.5278505711937194,Healthy,134728.27786080458
413,0.386236829982223,42.515410355065285,105.20069362863771,1481.4954635650658,1.4175346746331645,Healthy,135631.56145637075
414,0.5553297132341187,46.273505545256846,103.0466868680758,1541.1826049961496,1.3922305586363966,Healthy,134033.0395169206
415,0.4812704090794289,42.98496779997839,100.44150972473105,1561.1142029047016,1.4838709745283782,Healthy,135868.45930016137
416,0.549755397482174,44.123079464022865,102.67217953074983,1509.8790790686094,1.2146776417268375,Healthy,135317.7222641416
417,0.5269462735962206,45.147833116879795,100.54047932336987,1435.4015227411007,1.390818628583899,Healthy,132012.6679848575
418,0.5686810324221554,48.41231074401782,104.76784125297341,1555.8231486937916,1.4661660790471172,Healthy,135354.66064032522
419,0.5236574119204768,45.16553976919736,101.4860645135559,1452.5929380588898,1.5585240547028236,Healthy,135253.24543020676
420,0.4993814879138708,45.27050447824575,101.25961789796632,1443.1898947552195,1.6486934708617778,Healthy,133767.93329962427
421,0.6771024593044055,45.65474448551549,97.2893490199234,1555.7899652515994,1.520152762460453,Healthy,132723.6738999051
422,0.4842732497616766,44.756927362426715,99.44154024279946,1558.7974715519772,1.506290652300647,Healthy,133705.07468396807
423,0.5308955378893008,43.593483365728595,103.26190515642028,1544.315290357456,1.4998766133973171,Healthy,130379.22299839799
424,0.5886742176104234,46.22987953767562,102.80208894715626,1468.8521404742294,1.4548186174012008,Healthy,133930.10565436835
425,0.4781941307741365,48.215956269574626,101.73488152671655,1597.560565238055,1.5332145365577337,Healthy,135134.39178300128
426,0.6015728178486258,44.30485490349897,100.41751318749441,1474.7988433212956,1.4333779884507418,Healthy,134261.37195996792
427,0.696693297976958,45.65305211851731,102.50845840571579,1523.8887322666076,1.3997328737068242,Healthy,133625.0237174819
428,0.5224659334004793,47.88091311180311,103.28893078288715,1459.2454881735546,1.5334279925101244,Healthy,135461.58936725787
429,0.536425093095203,42.72636991316354,100.93270771449174,1454.0673198963573,1.721976710058854,Healthy,137037.80438389553
430,0.5069463029275005,44.30021171689513,100.8166436432215,1540.7620230185885,1.632510707856773,Healthy,132966.2868703723
431,0.44570781551414035,47.95523123189565,106.95468468682004,1523.9535402163647,1.1720360054061678,Healthy,132721.99970529304
432,0.43379139868182387,45.627869049644886,106.3281355414541,1514.2128383881345,1.2984954708462837,Healthy,136769.37074320306
433,0.35888179607044535,44.16503347950961,103.29542667443111,1517.3951003910804,1.4172232033314527,Healthy,134470.93779193255
434,0.44178543113256047,46.88114016798846,101.49063457623056,1501.3244409074366,1.1702260799462627,Healthy,135953.12484038368
435,0.40044876305839994,40.24859484461177,98.95422784173925,1439.3268450406983,1.4050470259398318,Healthy,136281.83710012247
436,0.3658410215489696,46.15604836734612,100.08850251853286,1512.6920118939684,1.4051215441561293,Healthy,136788.93667526363
437,0.3,44.96669921380777,101.97284136375718,1563.3741349930795,1.537276470351146,Healthy,137206.22880152042
438,0.5288066983898342,43.263159312985074,100.23753134464557,1489.3189501769502,1.4366844352907782,Healthy,134670.48479921476
439,0.4326588589544872,46.31745664135476,103.8263733836865,1429.8606752468854,1.6015186392502505,Healthy,135223.3920076098
440,0.36433935385797506,43.506185672252926,105.3983953183024,1557.8393501770036,1.5351712836526412,Healthy,137878.26865691296
441,0.5311077861715521,43.75632712663785,104.81536046611231,1504.5696774612118,1.2191248317376902,Healthy,135555.922035472
442,0.3823241683346249,45.15476056536178,101.53008884794467,1466.4034599738911,1.652008489486656,Healthy,134556.8811574717
443,0.3996344110083138,45.441943423147535,102.67393580730246,1452.6814735755734,1.6407726961586737,Healthy,136408.68947348322
444,0.36574572442941483,46.0507388937721,101.24101894567171,1446.0054547651457,1.4945465804173164,Healthy,139365.73642611466
445,0.5332416653117475,44.48609815823741,105.51405786345242,1462.1788248408295,1.396166645785561,Healthy,137486.09810454177
446,0.6743537640676676,43.18791361889833,102.21167370839144,1518.7005062175901,1.3377511081052467,Healthy,138816.62716279537
447,0.48037820757010874,45.43015282296034,104.2806744153678,1428.9315313479842,1.7225305041388068,Healthy,132421.26285182877
448,0.47056228691730717,44.65025695063261,100.43026458926073,1566.0237666079956,1.239371715324374,Healthy,133037.10740779416
449,0.4112730862658714,45.31763166806241,102.42204108164509,1500.4551384007539,1.6748829087330492,Healthy,134433.13814214
450,0.5309774337859261,45.269237710098224,104.86514360501519,1466.1202875161287,1.741633695377727,Healthy,135267.10900191028
451,0.4701868860969717,44.39989394300513,104.11731304793328,1486.8770151691463,1.482748925186546,Healthy,134952.79556677744
452,0.57331430960765,47.41996103577021,102.76874896779681,1486.56027816734,1.5465016822293303,Healthy,134908.26161096402
453,0.363466741789202,43.885823154370684,99.97695969861614,1419.953715783368,1.7098598039329547,Healthy,135341.65728068375
454,0.47537265393833517,47.17864359000145,102.28486147803349,1437.3701720012684,1.5211490410295474,Healthy,132904.6176514927
455,0.4818634067236112,45.82325875776728,100.37525253002762,1437.2003492877318,1.3274702016326438,Healthy,135212.05692511055
456,0.5049714672106815,44.32141332566217,104.44054301741168,1548.5895152119583,1.302021462771426,Healthy,134141.0741545668
457,0.39455668064463123,45.45680177869018,101.15852050399359,1441.0725808174202,1.5372470886446805,Healthy,138425.60209663314
458,0.663164626268903,42.60480069478355,102.26697438518369,1481.614683174283,1.6992090939843312,Healthy,138371.49357911013
459,0.598769011850785,44.48256321704067,102.09308366967159,1521.2067097254899,1.5734930060458687,Healthy,135905.71126019515
460,0.35636145258242025,42.907571118172456,104.11497018145793,1530.4549893900426,1.2264061410260045,Healthy,132308.42483280587
461,0.5012238016618676,44.4633332386309,102.7560588382535,1461.768121115253,1.482179902684026,Healthy,138651.24701687097
462,0.4588528256401864,46.23788468240427,105.01553478934981,1492.3830726094952,1.5941949073304875,Healthy,133807.8006324592
463,0.5088112215570607,43.529579340711564,102.84688482674365,1469.1769975100326,1.4727154892818226,Healthy,132436.07445395846
464,0.3,40.845815244947204,100.59082209614839,1462.1111705445321,1.7461370502617395,Healthy,133748.95397976972
465,0.3652633284544339,45.70824976164085,100.89659246900204,1456.2738123750023,1.687346857694722,Healthy,135624.4269587905
466,0.4666548855364778,44.62906790282634,105.10886847634852,1478.514532095779,1.495611567475448,Healthy,135443.13478679204
467,0.40550056184711014,42.87048197071932,102.48461052031573,1503.5466233540274,1.4862247264018271,Healthy,134290.52949547253
468,0.3,44.72861707634007,101.25909791913496,1587.6738102325962,1.3944960549726506,Healthy,135237.86885251253
469,0.3894460426243405,47.64868340590337,101.53100509829854,1518.9641664807336,1.7390030137104353,Healthy,136364.82850187994
470,0.419014717681653,45.12960292642606,101.34601134447229,1542.2716427898672,1.4622413528868472,Healthy,134629.7460094619
471,0.3826833517280999,47.661198656772385,100.38479259881106,1463.010044664163,1.6303912165259928,Healthy,134837.79823820133
472,0.6000175668429771,46.33486874315737,102.29309373509174,1467.4047353999204,1.1534935173279377,Healthy,130320.06494494999
473,0.43728848540235365,47.49272214858461,102.29943868674131,1555.7736401631112,1.4553359600209885,Healthy,135798.02460491005
474,0.31087571428735084,45.002538356220164,99.64730666573251,1472.5875691856334,1.3531445938222204,Healthy,137788.5525000811
475,0.6023156640318105,45.505819152714636,98.94289443549356,1454.2553681381241,1.4504124296669163,Healthy,137191.49502421028
476,0.5589823554560909,46.36243947917824,101.78318221106507,1561.7540120489355,1.5380893541757683,Healthy,135814.6671846158
477,0.5522920289907439,44.138416125258786,101.5893321612854,1513.1310959823263,1.4878199994487262,Healthy,138241.98164274727
478,0.5310652533183768,44.89242929469115,103.010511590062,1478.7108505167748,1.5799663172220115,Healthy,135605.23751129242
479,0.5134192852613443,43.799191357549226,102.985827353841,1434.595599584049,1.3629093318452663,Healthy,135733.23322747494
480,0.3,43.09136486299719,102.39375063510502,1461.6547789786555,1.6436954278861877,Healthy,134271.5460805973
481,0.4000301410315694,45.46111167861747,102.23377589775298,1491.4659467133179,1.2901808518133915,Healthy,134271.56351004515
482,0.5582404765581163,45.40015024962138,99.4655866279235,1518.5456523363018,1.4704210823324164,Healthy,136186.38796356175
483,0.4573870583200219,47.43075569356883,101.54345994732819,1483.470364467962,1.6343318547303083,Healthy,134897.1134402334
484,0.5744062398793819,46.59227311720617,100.9388132642654,1493.0920131341452,1.345922082194606,Healthy,137763.40688818085
485,0.4995330694265747,44.630262048860025,101.98932952759417,1492.0840991036544,1.4949133806944646,Healthy,134312.63983433004
486,0.48044905842304986,44.52873247246831,97.86880054697097,1509.1805420406386,1.2259971017502003,Healthy,134155.83330465385
487,0.3469233575078249,47.904551031549765,101.84913559681975,1456.921842983959,1.7756324401012538,Healthy,136855.4888042753
488,0.3881012124839497,44.66401130606979,104.23207221967206,1508.484418313296,1.641969531689384,Healthy,137344.924287342
489,0.47771844224337706,44.44205534469624,102.73409192597948,1477.007615814376,1.5398482050404123,Healthy,138903.643209621
490,0.4183219934737732,46.43423894173888,102.96455890926127,1596.5155266727254,1.6899851440808678,Healthy,135260.4648554159
491,0.5218839622851197,42.04717679397241,102.60186093563972,1574.9048541605941,1.4469677899186144,Healthy,133444.05983321802
492,0.4731136564320326,42.460975872728476,100.51814419489305,1445.1457432333107,1.650802730721578,Healthy,134297.6783424421
493,0.5422501985299217,47.13895397829286,100.86501252625821,1561.146223267864,1.5105631520105394,Healthy,135536.8715405058
494,0.49546972796176797,46.03847750919771,104.73507896013228,1511.119477582203,1.581851214373108,Healthy,139242.94847057768
495,0.4409072297499379,43.71754188257183,99.13044816627053,1528.3872589718765,1.587183818438106,Healthy,136153.19486707204
496,0.5096656886058049,44.571445853555474,100.2488911384514,1450.015480654539,1.4012528587905726,Healthy,138504.2828144034
497,0.4575913001471114,45.344647870726334,97.33614688178527,1511.0445102579922,1.4314467728513849,Healthy,136177.271014869
498,0.36974670054123016,41.97400767810076,102.85249272355207,1488.6250882298007,1.6315095176343024,Healthy,133255.30184786467
499,0.47671286054194245,41.086928812149125,99.25421976943967,1473.5261195837759,1.5118970044669438,Healthy,135139.99014780452
